{
  "Python Developer": {
    "mandatory": ["Python", "OOP", "Flask", "Django", "APIs"],
    "optional": ["Pandas", "NumPy", "FastAPI", "SQL", "Git"]
  },
  "Java Developer": {
    "mandatory": ["Java", "Spring", "Hibernate", "J2EE", "OOP"],
    "optional": ["Maven", "Gradle", "Jenkins", "REST APIs"]
  },
  "Frontend Developer": {
    "mandatory": ["HTML", "CSS", "JavaScript", "React", "Responsive Design"],
    "optional": ["Vue.js", "Angular", "Redux", "TypeScript", "Tailwind"]
  },
  "Backend Developer": {
    "mandatory": ["Node.js", "Express", "REST API", "Database", "Authentication"],
    "optional": ["MongoDB", "MySQL", "PostgreSQL", "Redis", "Docker"]
  },
  "Full Stack Developer": {
    "mandatory": ["HTML", "CSS", "JavaScript", "React", "Node.js"],
    "optional": ["MongoDB", "Express", "SQL", "Git", "API Integration"]
  },
  "DevOps Engineer": {
    "mandatory": ["CI/CD", "Jenkins", "Docker", "Kubernetes", "Linux"],
    "optional": ["AWS", "Terraform", "GitHub Actions", "Monitoring", "Ansible"]
  },
  "Data Scientist": {
    "mandatory": ["Python", "Pandas", "NumPy", "Scikit-learn", "Machine Learning"],
    "optional": ["Deep Learning", "TensorFlow", "PyTorch", "Statistics", "EDA"]
  },
  "Data Analyst": {
    "mandatory": ["SQL", "Excel", "Power BI", "Data Cleaning", "Visualization"],
    "optional": ["Python", "Pandas", "Tableau", "Dashboards"]
  },
  "ML Engineer": {
    "mandatory": ["Python", "Machine Learning", "TensorFlow", "Model Deployment"],
    "optional": ["PyTorch", "Docker", "API Integration", "MLflow"]
  },
  "QA Engineer": {
    "mandatory": ["Test Automation", "Selenium", "Test Cases", "Bug Tracking", "API Testing"],
    "optional": ["Robot Framework", "JMeter", "Postman", "CI/CD"]
  },
  "Cloud Engineer": {
    "mandatory": ["AWS", "Azure", "GCP", "Cloud Services", "Infrastructure"],
    "optional": ["Terraform", "Monitoring", "Security", "CI/CD"]
  },
  "Cybersecurity Analyst": {
    "mandatory": ["Vulnerability Assessment", "Security Monitoring", "Network Security", "Firewalls"],
    "optional": ["SIEM", "SOC", "Penetration Testing", "Incident Response"]
  },
  "AI Engineer": {
    "mandatory": ["Machine Learning", "Deep Learning", "TensorFlow", "Natural Language Processing"],
    "optional": ["Chatbots", "Transformers", "LLMs", "Prompt Engineering"]
  },
  "UI/UX Designer": {
    "mandatory": ["Figma", "Wireframing", "Prototyping", "User Research", "Interaction Design"],
    "optional": ["Adobe XD", "Sketch", "Design Systems"]
  },
  "Product Manager": {
    "mandatory": ["Roadmapping", "Agile", "User Stories", "Stakeholder Communication"],
    "optional": ["JIRA", "Figma", "Market Research"]
  },
  "Business Analyst": {
    "mandatory": ["Requirement Gathering", "Documentation", "SQL", "Data Analysis"],
    "optional": ["Stakeholder Management", "JIRA", "Agile"]
  }
}
